txn_id,accused_id,amount,txn_date,txn_type,bank_account,linked_fir_id
TXN-261E9439,ACC-2024-KA-0867,47907.74,2025-03-16,Transfer,BANK-33451,FIR-2024-KA-0004
TXN-8429069D,ACC-2024-KA-1844,15920.27,2025-07-10,Deposit,BANK-90165,FIR-2025-KA-0008
TXN-48CD9796,ACC-2024-KA-1657,28227.83,2025-01-17,Transfer,BANK-82679,FIR-2024-KA-0032
TXN-48D103B1,ACC-2024-KA-1618,17821.37,2025-03-19,Transfer,BANK-91670,FIR-2026-KA-0056
TXN-7132F3C7,ACC-2024-KA-0624,97433.81,2024-03-22,Withdrawal,BANK-80931,FIR-2024-KA-0057
TXN-5E2FF172,ACC-2024-KA-1724,72554.18,2024-03-26,Deposit,BANK-95443,FIR-2023-KA-0058
TXN-A9E3974D,ACC-2024-KA-1620,45346.01,2024-03-26,Transfer,BANK-16003,FIR-2023-KA-0058
TXN-7EA8A009,ACC-2024-KA-1332,99115.95,2023-12-14,Transfer,BANK-92332,FIR-2024-KA-0063
TXN-26F626AB,ACC-2024-KA-1082,8555.12,2024-02-06,Deposit,BANK-26156,FIR-2026-KA-0070
TXN-C2877A60,ACC-2024-KA-0578,59836.21,2023-10-29,Withdrawal,BANK-24434,FIR-2026-KA-0081
TXN-C1158750,ACC-2024-KA-0079,66459.57,2023-11-08,Withdrawal,BANK-58740,FIR-2023-KA-0104
TXN-CF056FB8,ACC-2024-KA-1639,59676.13,2025-06-24,Deposit,BANK-37585,FIR-2025-KA-0110
TXN-BB39C0DD,ACC-2024-KA-1053,56076.4,2024-02-13,Transfer,BANK-28896,FIR-2023-KA-0114
TXN-E53B3923,ACC-2024-KA-1056,94125.06,2025-08-16,Deposit,BANK-25338,FIR-2023-KA-0120
TXN-1044E836,ACC-2024-KA-1532,14952.78,2024-02-09,Withdrawal,BANK-15092,FIR-2026-KA-0128
TXN-1EB82646,ACC-2024-KA-0558,64342.72,2026-04-12,Deposit,BANK-36534,FIR-2023-KA-0133
TXN-09415403,ACC-2024-KA-1432,85942.03,2025-06-30,Withdrawal,BANK-31765,FIR-2023-KA-0142
TXN-F115B4E2,ACC-2024-KA-1460,93072.07,2026-02-07,Deposit,BANK-46406,FIR-2025-KA-0146
TXN-393E8FDC,ACC-2024-KA-1214,52189.06,2024-10-20,Withdrawal,BANK-35104,FIR-2026-KA-0148
TXN-FAC1A014,ACC-2024-KA-0430,88395.28,2025-05-18,Deposit,BANK-71991,FIR-2025-KA-0149
TXN-537F41AD,ACC-2024-KA-1024,93630.02,2025-05-18,Deposit,BANK-21478,FIR-2025-KA-0149
TXN-023AB748,ACC-2024-KA-0819,39336.73,2024-01-12,Withdrawal,BANK-82549,FIR-2023-KA-0157
TXN-905FF454,ACC-2024-KA-1497,46513.77,2024-01-12,Deposit,BANK-26474,FIR-2023-KA-0157
TXN-F7AA11D1,ACC-2024-KA-1010,83975.44,2025-02-24,Transfer,BANK-48101,FIR-2024-KA-0160
TXN-BFADF3CF,ACC-2024-KA-1172,8708.75,2024-01-31,Transfer,BANK-63507,FIR-2024-KA-0164
TXN-06AC472B,ACC-2024-KA-1728,90969.88,2024-01-31,Transfer,BANK-35679,FIR-2024-KA-0164
TXN-46547FA2,ACC-2024-KA-1504,48820.87,2024-07-22,Transfer,BANK-97125,FIR-2025-KA-0185
TXN-621D27AE,ACC-2024-KA-0739,38859.55,2024-07-22,Deposit,BANK-58754,FIR-2025-KA-0185
TXN-AFD79965,ACC-2024-KA-0827,6377.7,2025-11-23,Deposit,BANK-69663,FIR-2023-KA-0197
TXN-EDBA0844,ACC-2024-KA-1677,48298.86,2024-08-21,Withdrawal,BANK-67674,FIR-2024-KA-0220
TXN-FA8C2DAB,ACC-2024-KA-0294,57872.3,2025-04-07,Deposit,BANK-62122,FIR-2024-KA-0238
TXN-52F25417,ACC-2024-KA-1800,89603.67,2025-03-15,Deposit,BANK-74467,FIR-2023-KA-0278
TXN-8F04E9E3,ACC-2024-KA-1102,17759.19,2026-05-20,Withdrawal,BANK-10746,FIR-2023-KA-0284
TXN-8821B837,ACC-2024-KA-1093,12546.68,2025-11-24,Transfer,BANK-25730,FIR-2026-KA-0287
TXN-AEF9EC5F,ACC-2024-KA-1364,82116.83,2025-10-16,Deposit,BANK-30371,FIR-2023-KA-0297
TXN-D100F1A7,ACC-2024-KA-0943,83095.71,2026-05-07,Transfer,BANK-55557,FIR-2025-KA-0305
TXN-74DE7902,ACC-2024-KA-0670,54079.48,2024-08-04,Withdrawal,BANK-27105,FIR-2023-KA-0312
TXN-3474F2BE,ACC-2024-KA-1645,68839.8,2025-06-19,Deposit,BANK-83401,FIR-2024-KA-0320
TXN-9A208D8B,ACC-2024-KA-1564,48925.43,2025-05-03,Withdrawal,BANK-29691,FIR-2024-KA-0336
TXN-C0131B44,ACC-2024-KA-0820,27941.32,2026-01-28,Transfer,BANK-56314,FIR-2024-KA-0338
TXN-1F1FD75C,ACC-2024-KA-1470,67969.19,2026-01-28,Withdrawal,BANK-23205,FIR-2024-KA-0338
TXN-1D19F5BC,ACC-2024-KA-1053,30164.63,2025-04-06,Withdrawal,BANK-29208,FIR-2023-KA-0339
TXN-50680F56,ACC-2024-KA-1918,20292.58,2023-11-17,Transfer,BANK-90604,FIR-2023-KA-0342
TXN-1367C57D,ACC-2024-KA-1344,64695.96,2023-11-17,Transfer,BANK-70652,FIR-2023-KA-0342
TXN-19C4B3A6,ACC-2024-KA-1024,47046.49,2026-02-10,Deposit,BANK-98831,FIR-2026-KA-0346
TXN-15AF6B53,ACC-2024-KA-1228,15880.42,2026-02-10,Deposit,BANK-11145,FIR-2026-KA-0346
TXN-C6404220,ACC-2024-KA-0687,78089.33,2026-05-23,Withdrawal,BANK-68207,FIR-2026-KA-0358
TXN-027D88AA,ACC-2024-KA-0767,76741.37,2025-04-03,Deposit,BANK-12532,FIR-2024-KA-0368
TXN-A958A2E7,ACC-2024-KA-1516,9135.08,2025-04-03,Withdrawal,BANK-93487,FIR-2024-KA-0368
TXN-FB20B9CE,ACC-2024-KA-0328,91709.59,2025-03-11,Transfer,BANK-11830,FIR-2026-KA-0372
TXN-A3F13AD5,ACC-2024-KA-0455,6925.08,2024-07-21,Transfer,BANK-61299,FIR-2025-KA-0377
TXN-2B3F6A8D,ACC-2024-KA-1138,22008.05,2024-11-24,Withdrawal,BANK-34117,FIR-2024-KA-0378
TXN-D5D5F93A,ACC-2024-KA-1032,85129.72,2025-02-28,Withdrawal,BANK-88895,FIR-2025-KA-0379
TXN-11B9CFDA,ACC-2024-KA-0200,71026.63,2025-02-10,Transfer,BANK-66392,FIR-2023-KA-0382
TXN-8565C2F8,ACC-2024-KA-1376,54179.14,2024-09-18,Deposit,BANK-72814,FIR-2026-KA-0389
TXN-A551FB76,ACC-2024-KA-1707,46147.63,2023-11-30,Transfer,BANK-27857,FIR-2025-KA-0392
TXN-2069AFA1,ACC-2024-KA-0928,71981.61,2024-07-20,Deposit,BANK-75778,FIR-2023-KA-0396
TXN-2EAFD151,ACC-2024-KA-0007,5300.46,2024-07-20,Deposit,BANK-11674,FIR-2023-KA-0396
TXN-68331463,ACC-2024-KA-1318,54073.41,2025-08-05,Transfer,BANK-20745,FIR-2026-KA-0410
TXN-6D0C8960,ACC-2024-KA-0037,36305.23,2025-10-27,Transfer,BANK-87516,FIR-2026-KA-0414
TXN-467503CA,ACC-2024-KA-1354,46870.24,2025-10-27,Transfer,BANK-99125,FIR-2026-KA-0414
TXN-786B5D8C,ACC-2024-KA-0866,62913.74,2024-01-12,Deposit,BANK-32117,FIR-2024-KA-0416
TXN-407B33D5,ACC-2024-KA-0015,79975.1,2024-03-12,Withdrawal,BANK-64819,FIR-2024-KA-0417
TXN-DD5AFABF,ACC-2024-KA-0539,38425.23,2024-04-27,Withdrawal,BANK-64456,FIR-2023-KA-0429
TXN-EAA35293,ACC-2024-KA-0065,81476.89,2025-11-05,Deposit,BANK-58640,FIR-2025-KA-0439
TXN-EDCA2CAB,ACC-2024-KA-1862,16330.08,2023-11-21,Transfer,BANK-17693,FIR-2026-KA-0448
TXN-D3A4956A,ACC-2024-KA-1167,11376.6,2025-11-25,Transfer,BANK-99001,FIR-2025-KA-0458
TXN-F836663F,ACC-2024-KA-0739,61167.15,2024-02-08,Withdrawal,BANK-46542,FIR-2025-KA-0501
TXN-4B049333,ACC-2024-KA-1586,21241.11,2025-05-03,Withdrawal,BANK-29998,FIR-2025-KA-0543
TXN-833EFFB5,ACC-2024-KA-1538,82067.47,2025-03-16,Transfer,BANK-48400,FIR-2024-KA-0550
TXN-8473B518,ACC-2024-KA-0519,68584.08,2024-04-09,Transfer,BANK-85133,FIR-2026-KA-0553
TXN-E0E3FB1B,ACC-2024-KA-1838,17649.08,2024-08-14,Deposit,BANK-11912,FIR-2025-KA-0556
TXN-E89536A0,ACC-2024-KA-1210,75785.1,2025-11-12,Deposit,BANK-14847,FIR-2025-KA-0570
TXN-6495D0A3,ACC-2024-KA-1199,19892.77,2025-10-08,Transfer,BANK-57353,FIR-2026-KA-0614
TXN-3B20972E,ACC-2024-KA-0300,86595.15,2024-01-03,Withdrawal,BANK-76442,FIR-2025-KA-0620
TXN-8D11DCD8,ACC-2024-KA-0894,56662.16,2024-01-03,Deposit,BANK-42141,FIR-2025-KA-0620
TXN-D57F4505,ACC-2024-KA-1333,32413.32,2026-04-19,Transfer,BANK-83026,FIR-2024-KA-0623
TXN-E7D3CB40,ACC-2024-KA-0321,32634.54,2026-05-16,Deposit,BANK-20853,FIR-2026-KA-0643
TXN-52A1F2BA,ACC-2024-KA-1670,32321.4,2024-11-04,Deposit,BANK-68987,FIR-2023-KA-0646
TXN-3FD19C52,ACC-2024-KA-1059,88476.98,2024-11-04,Deposit,BANK-84812,FIR-2023-KA-0646
TXN-F6084713,ACC-2024-KA-1826,6931.95,2025-06-23,Withdrawal,BANK-95156,FIR-2024-KA-0675
TXN-414B2126,ACC-2024-KA-0487,48007.68,2025-07-06,Deposit,BANK-63040,FIR-2026-KA-0691
TXN-5C5CF47F,ACC-2024-KA-0609,61587.17,2025-08-01,Transfer,BANK-16323,FIR-2025-KA-0702
TXN-7B04867F,ACC-2024-KA-1256,53833.61,2025-08-01,Transfer,BANK-95335,FIR-2025-KA-0702
TXN-BF41BCCF,ACC-2024-KA-0036,46573.5,2026-02-13,Deposit,BANK-52616,FIR-2023-KA-0718
TXN-47672F2A,ACC-2024-KA-0619,31176.39,2025-08-08,Transfer,BANK-57911,FIR-2026-KA-0727
TXN-E01044B6,ACC-2024-KA-1064,31757.63,2025-08-07,Deposit,BANK-39635,FIR-2026-KA-0742
TXN-A45D0DF4,ACC-2024-KA-1114,29972.46,2023-11-28,Transfer,BANK-31445,FIR-2023-KA-0746
TXN-C40A600B,ACC-2024-KA-1053,72956.75,2025-01-21,Deposit,BANK-94727,FIR-2023-KA-0749
TXN-3F2D5DC0,ACC-2024-KA-1662,86589.35,2025-01-21,Transfer,BANK-66181,FIR-2023-KA-0749
TXN-E894C41F,ACC-2024-KA-1626,37977.68,2023-12-18,Withdrawal,BANK-87591,FIR-2024-KA-0770
TXN-F95D9C91,ACC-2024-KA-0726,5411.86,2023-12-18,Transfer,BANK-56595,FIR-2024-KA-0770
TXN-A081E46E,ACC-2024-KA-1224,28980.1,2025-05-24,Transfer,BANK-73753,FIR-2026-KA-0780
TXN-58387944,ACC-2024-KA-0927,45528.91,2025-10-26,Transfer,BANK-75978,FIR-2026-KA-0789
TXN-9A89436A,ACC-2024-KA-1806,8257.4,2024-06-17,Transfer,BANK-52341,FIR-2024-KA-0796
TXN-9CD6262E,ACC-2024-KA-0589,53983.31,2023-10-31,Withdrawal,BANK-75827,FIR-2023-KA-0798
TXN-AFC5690E,ACC-2024-KA-1852,71221.76,2026-05-07,Withdrawal,BANK-68760,FIR-2023-KA-0801
TXN-B9CF3FD4,ACC-2024-KA-0001,56285.5,2023-10-17,Transfer,BANK-56228,FIR-2023-KA-0807
TXN-7130E519,ACC-2024-KA-0971,9091.96,2024-04-15,Transfer,BANK-48259,FIR-2025-KA-0817
TXN-8CF68934,ACC-2024-KA-1922,83852.18,2024-04-15,Deposit,BANK-33036,FIR-2025-KA-0817
TXN-56B11516,ACC-2024-KA-0658,60172.59,2024-02-20,Deposit,BANK-97236,FIR-2025-KA-0820
TXN-CE6E0E1E,ACC-2024-KA-1773,73327.94,2025-01-13,Transfer,BANK-18137,FIR-2024-KA-0826
TXN-FCF45FEE,ACC-2024-KA-1115,81829.11,2025-01-13,Transfer,BANK-10739,FIR-2024-KA-0826
TXN-EC21DDDD,ACC-2024-KA-1416,94233.42,2024-01-22,Withdrawal,BANK-45682,FIR-2024-KA-0828
TXN-835B053C,ACC-2024-KA-1474,47645.58,2024-01-22,Deposit,BANK-50354,FIR-2024-KA-0828
TXN-6676631E,ACC-2024-KA-0597,12901.14,2023-10-01,Transfer,BANK-23421,FIR-2025-KA-0830
TXN-7050D353,ACC-2024-KA-1393,30383.08,2023-10-01,Deposit,BANK-34628,FIR-2025-KA-0830
TXN-601DB025,ACC-2024-KA-0402,71330.87,2025-04-08,Deposit,BANK-71461,FIR-2026-KA-0839
TXN-D976DA4A,ACC-2024-KA-1532,10518.95,2025-06-29,Deposit,BANK-97174,FIR-2026-KA-0848
TXN-B71CF461,ACC-2024-KA-1916,54117.41,2024-09-06,Withdrawal,BANK-59315,FIR-2025-KA-0852
TXN-C70F5DEC,ACC-2024-KA-1169,90303.28,2024-09-06,Transfer,BANK-48477,FIR-2025-KA-0852
TXN-4C4AC2A6,ACC-2024-KA-0709,30588.54,2025-08-09,Deposit,BANK-67611,FIR-2025-KA-0854
TXN-9F9FB94F,ACC-2024-KA-0889,26100.81,2025-11-19,Withdrawal,BANK-94053,FIR-2024-KA-0855
TXN-A5BF7439,ACC-2024-KA-0362,37875.5,2025-05-24,Withdrawal,BANK-87688,FIR-2026-KA-0859
TXN-9AA99887,ACC-2024-KA-1018,76001.58,2025-05-24,Withdrawal,BANK-63320,FIR-2026-KA-0859
TXN-FFDAE91D,ACC-2024-KA-1286,5231.45,2024-09-27,Withdrawal,BANK-53644,FIR-2024-KA-0861
TXN-F9EADF3B,ACC-2024-KA-1933,76083.26,2026-06-07,Deposit,BANK-44322,FIR-2023-KA-0866
TXN-E4F67DC7,ACC-2024-KA-0176,47030.58,2024-03-19,Withdrawal,BANK-48138,FIR-2025-KA-0867
TXN-0772833A,ACC-2024-KA-1987,32201.44,2024-10-27,Transfer,BANK-75008,FIR-2024-KA-0887
TXN-00F513CF,ACC-2024-KA-0376,54151.61,2025-06-13,Transfer,BANK-40980,FIR-2024-KA-0905
TXN-3B57B4E6,ACC-2024-KA-0708,92525.98,2025-06-13,Transfer,BANK-27304,FIR-2024-KA-0905
TXN-EF243A6C,ACC-2024-KA-1770,91395.23,2025-12-22,Deposit,BANK-22996,FIR-2023-KA-0932
TXN-0C8BCFA7,ACC-2024-KA-1049,18566.92,2024-12-30,Withdrawal,BANK-47493,FIR-2026-KA-0966
TXN-E259E0ED,ACC-2024-KA-0850,73905.14,2023-12-30,Transfer,BANK-58466,FIR-2024-KA-0973
TXN-6C610FCA,ACC-2024-KA-0494,82700.4,2025-05-25,Withdrawal,BANK-87384,FIR-2023-KA-0976
TXN-AE70B823,ACC-2024-KA-1596,70770.34,2025-05-25,Transfer,BANK-63779,FIR-2023-KA-0976
TXN-FCCDAF70,ACC-2024-KA-1855,68839.83,2026-01-27,Withdrawal,BANK-31252,FIR-2026-KA-0979
TXN-A86EFC5C,ACC-2024-KA-1799,50176.88,2025-06-23,Withdrawal,BANK-45232,FIR-2026-KA-0987
TXN-07717062,ACC-2024-KA-1746,35354.2,2026-01-06,Withdrawal,BANK-77872,FIR-2025-KA-0989
TXN-AC7B914B,ACC-2024-KA-1305,93209.37,2024-01-27,Deposit,BANK-96597,FIR-2024-KA-0991
TXN-659F6F4D,ACC-2024-KA-1615,79467.88,2025-04-18,Deposit,BANK-66585,FIR-2024-KA-0993
TXN-B4631ABA,ACC-2024-KA-0083,26296.85,2025-04-18,Deposit,BANK-93568,FIR-2024-KA-0993
TXN-6D386860,ACC-2024-KA-0583,86332.35,2024-11-04,Deposit,BANK-78036,FIR-2025-KA-0997
TXN-C6C53EA1,ACC-2024-KA-1603,78684.34,2026-06-05,Withdrawal,BANK-35136,FIR-2025-KA-1006
TXN-54452940,ACC-2024-KA-0309,55631.62,2026-06-05,Transfer,BANK-80698,FIR-2025-KA-1006
TXN-DFBAC42A,ACC-2024-KA-1498,91466.56,2026-02-04,Withdrawal,BANK-45983,FIR-2025-KA-1010
TXN-12A1C0CE,ACC-2024-KA-1379,89811.97,2024-11-03,Deposit,BANK-78855,FIR-2024-KA-1011
TXN-38345F06,ACC-2024-KA-0545,22477.26,2025-06-05,Withdrawal,BANK-85066,FIR-2025-KA-1017
TXN-5A59D600,ACC-2024-KA-1272,53343.49,2026-04-05,Transfer,BANK-52956,FIR-2026-KA-1018
TXN-5B807194,ACC-2024-KA-1187,38588.81,2024-02-10,Withdrawal,BANK-49665,FIR-2024-KA-1044
TXN-1C806CA3,ACC-2024-KA-0364,45946.81,2024-10-23,Withdrawal,BANK-70287,FIR-2023-KA-1053
TXN-03719443,ACC-2024-KA-1735,58807.15,2026-05-06,Transfer,BANK-61235,FIR-2026-KA-1054
TXN-7DF7A1CF,ACC-2024-KA-1072,59822.32,2024-02-27,Deposit,BANK-74310,FIR-2024-KA-1078
TXN-01186C36,ACC-2024-KA-0105,55859.63,2024-02-27,Withdrawal,BANK-85661,FIR-2024-KA-1078
TXN-F4D8C47B,ACC-2024-KA-1760,6008.49,2024-01-11,Transfer,BANK-65240,FIR-2025-KA-1084
TXN-8A1FC1A6,ACC-2024-KA-0495,90961.19,2025-03-03,Transfer,BANK-37888,FIR-2023-KA-1086
TXN-807278FA,ACC-2024-KA-1801,28451.95,2025-03-03,Withdrawal,BANK-42435,FIR-2023-KA-1086
TXN-B76E20BC,ACC-2024-KA-0311,74978.09,2025-12-13,Transfer,BANK-14770,FIR-2026-KA-1091
TXN-1FD74EF5,ACC-2024-KA-0619,69500.56,2025-02-23,Deposit,BANK-79713,FIR-2023-KA-1097
TXN-C5D6C243,ACC-2024-KA-1676,94580.77,2024-04-20,Deposit,BANK-23814,FIR-2026-KA-1098
TXN-BC8A6DD0,ACC-2024-KA-1107,25367.34,2026-05-13,Transfer,BANK-49978,FIR-2023-KA-1108
TXN-035066F9,ACC-2024-KA-0231,8600.78,2024-03-29,Deposit,BANK-72426,FIR-2024-KA-1109
TXN-977C8F02,ACC-2024-KA-0760,92496.62,2024-03-29,Deposit,BANK-64226,FIR-2024-KA-1109
TXN-B58E0C80,ACC-2024-KA-1534,91537.11,2024-02-07,Withdrawal,BANK-19939,FIR-2026-KA-1124
TXN-6C272C27,ACC-2024-KA-0304,72233.17,2024-02-07,Withdrawal,BANK-74734,FIR-2026-KA-1124
TXN-E63C0456,ACC-2024-KA-1705,53424.12,2026-04-08,Withdrawal,BANK-43388,FIR-2025-KA-1133
TXN-393B7C7A,ACC-2024-KA-1912,14771.99,2026-04-08,Withdrawal,BANK-44719,FIR-2025-KA-1133
TXN-80948D4B,ACC-2024-KA-0007,77033.77,2025-07-13,Transfer,BANK-13320,FIR-2024-KA-1137
TXN-10C79FFB,ACC-2024-KA-0259,46026.87,2025-07-13,Deposit,BANK-74742,FIR-2024-KA-1137
TXN-EF975879,ACC-2024-KA-0093,67694.68,2023-10-19,Deposit,BANK-56245,FIR-2026-KA-1144
TXN-7C5301DB,ACC-2024-KA-1539,18596.65,2023-10-19,Withdrawal,BANK-27164,FIR-2026-KA-1144
TXN-DFAF2E98,ACC-2024-KA-1126,70292.91,2023-12-10,Withdrawal,BANK-21962,FIR-2025-KA-1147
TXN-CE804A67,ACC-2024-KA-0268,82394.48,2025-01-15,Withdrawal,BANK-51567,FIR-2023-KA-1158
TXN-18F93D52,ACC-2024-KA-0823,29110.98,2025-07-13,Transfer,BANK-40331,FIR-2025-KA-1171
TXN-FA01D759,ACC-2024-KA-1295,83668.13,2024-01-01,Withdrawal,BANK-44936,FIR-2026-KA-1181
TXN-F4AE1A94,ACC-2024-KA-1615,22761.29,2026-01-17,Deposit,BANK-10627,FIR-2024-KA-1193
TXN-0A06579D,ACC-2024-KA-1805,39478.0,2026-01-17,Transfer,BANK-78407,FIR-2024-KA-1193
TXN-A58D2D52,ACC-2024-KA-1554,98006.26,2025-02-25,Withdrawal,BANK-74137,FIR-2025-KA-1197
TXN-07F57AFD,ACC-2024-KA-0736,81229.59,2026-01-07,Transfer,BANK-79437,FIR-2025-KA-1203
TXN-E1576B3D,ACC-2024-KA-1589,67758.6,2026-01-07,Withdrawal,BANK-88676,FIR-2025-KA-1203
TXN-9C1A4C4B,ACC-2024-KA-0533,17844.18,2024-09-28,Transfer,BANK-27084,FIR-2023-KA-1211
TXN-13536AD7,ACC-2024-KA-1466,18222.72,2024-10-15,Withdrawal,BANK-43322,FIR-2026-KA-1221
TXN-D6A885DD,ACC-2024-KA-0778,38779.77,2025-03-07,Deposit,BANK-59246,FIR-2023-KA-1226
TXN-68B41DAB,ACC-2024-KA-0111,43347.33,2025-11-05,Withdrawal,BANK-15927,FIR-2026-KA-1262
TXN-5EFB49A8,ACC-2024-KA-1017,22789.95,2025-11-05,Withdrawal,BANK-63049,FIR-2026-KA-1262
TXN-281BF321,ACC-2024-KA-0006,26883.17,2024-12-09,Deposit,BANK-88321,FIR-2025-KA-1267
TXN-93EA68CA,ACC-2024-KA-0718,13355.72,2024-12-09,Deposit,BANK-80614,FIR-2025-KA-1267
TXN-028C76FB,ACC-2024-KA-1479,14358.79,2025-05-29,Deposit,BANK-69931,FIR-2023-KA-1316
TXN-85E2E5C7,ACC-2024-KA-0076,39265.22,2024-12-10,Transfer,BANK-75551,FIR-2025-KA-1325
TXN-EC4CCAB4,ACC-2024-KA-1735,47942.58,2024-12-10,Deposit,BANK-21454,FIR-2025-KA-1325
TXN-9CD7FB77,ACC-2024-KA-1798,15701.23,2024-08-13,Withdrawal,BANK-44148,FIR-2023-KA-1332
TXN-987526F7,ACC-2024-KA-1988,38414.98,2024-08-13,Transfer,BANK-11887,FIR-2026-KA-1362
TXN-A770A3E0,ACC-2024-KA-1956,61430.69,2024-09-24,Transfer,BANK-49213,FIR-2026-KA-1377
TXN-F40E42DE,ACC-2024-KA-1374,76397.0,2025-08-29,Transfer,BANK-35919,FIR-2024-KA-1379
TXN-E1E6BE3E,ACC-2024-KA-1919,29841.79,2025-08-29,Transfer,BANK-28633,FIR-2024-KA-1379
TXN-06CC8709,ACC-2024-KA-1296,26033.55,2025-03-02,Withdrawal,BANK-81999,FIR-2024-KA-1380
TXN-E0933532,ACC-2024-KA-1555,56083.7,2024-02-23,Withdrawal,BANK-54210,FIR-2023-KA-1390
TXN-AC4D352E,ACC-2024-KA-0636,84108.89,2024-02-23,Transfer,BANK-21572,FIR-2023-KA-1390
TXN-F0F7B929,ACC-2024-KA-0093,48527.79,2025-08-08,Transfer,BANK-99259,FIR-2024-KA-1404
TXN-6B2894DE,ACC-2024-KA-1543,70215.76,2025-12-30,Withdrawal,BANK-65867,FIR-2023-KA-1406
TXN-8F59449F,ACC-2024-KA-0492,53108.77,2025-08-19,Withdrawal,BANK-36762,FIR-2025-KA-1415
TXN-AEAE2854,ACC-2024-KA-0968,64266.83,2025-08-19,Deposit,BANK-72741,FIR-2025-KA-1415
TXN-844E5009,ACC-2024-KA-0881,48579.04,2024-03-23,Withdrawal,BANK-98506,FIR-2023-KA-1417
TXN-9C50D931,ACC-2024-KA-1445,12696.89,2024-03-20,Withdrawal,BANK-14319,FIR-2023-KA-1428
TXN-568B792B,ACC-2024-KA-1031,35663.55,2025-03-21,Deposit,BANK-83894,FIR-2023-KA-1434
TXN-274750F9,ACC-2024-KA-1554,53788.21,2026-03-28,Deposit,BANK-94792,FIR-2026-KA-1452
TXN-0B60B9DE,ACC-2024-KA-0380,55687.21,2025-03-10,Deposit,BANK-17753,FIR-2023-KA-1453
TXN-5D1EF6BE,ACC-2024-KA-0032,36194.64,2025-03-01,Deposit,BANK-53990,FIR-2025-KA-1470
TXN-50187CB0,ACC-2024-KA-1903,93212.2,2025-01-15,Deposit,BANK-24807,FIR-2026-KA-1489
TXN-C9CE0B32,ACC-2024-KA-0715,72339.14,2025-01-15,Deposit,BANK-87336,FIR-2026-KA-1489
TXN-6511293B,ACC-2024-KA-0506,15878.83,2024-07-18,Deposit,BANK-65307,FIR-2023-KA-1490
TXN-15CF2F8A,ACC-2024-KA-1830,33593.98,2024-07-18,Transfer,BANK-76001,FIR-2023-KA-1490
TXN-CE163C4A,ACC-2024-KA-0993,27729.66,2024-05-30,Withdrawal,BANK-41737,FIR-2025-KA-1500
TXN-8F80F278,ACC-2024-KA-0922,41336.59,2026-05-02,Withdrawal,BANK-91749,FIR-2024-KA-1510
TXN-6D56C230,ACC-2024-KA-1157,39176.12,2026-05-02,Withdrawal,BANK-59240,FIR-2024-KA-1510
TXN-04E72B85,ACC-2024-KA-1083,48284.41,2024-04-08,Transfer,BANK-89829,FIR-2024-KA-1540
TXN-E24DAACF,ACC-2024-KA-0307,29101.82,2025-12-04,Deposit,BANK-58770,FIR-2026-KA-1548
TXN-094D2586,ACC-2024-KA-1654,53330.55,2025-06-11,Deposit,BANK-50975,FIR-2025-KA-1558
TXN-66586328,ACC-2024-KA-0355,37402.42,2025-11-03,Deposit,BANK-24711,FIR-2024-KA-1567
TXN-7E73DE51,ACC-2024-KA-1002,11657.38,2023-12-19,Withdrawal,BANK-21717,FIR-2026-KA-1586
TXN-4548496A,ACC-2024-KA-0477,6384.22,2023-12-19,Deposit,BANK-97812,FIR-2026-KA-1586
TXN-74DC1FF4,ACC-2024-KA-1588,75147.31,2024-12-08,Transfer,BANK-21471,FIR-2023-KA-1587
TXN-EDAB46E6,ACC-2024-KA-1578,32515.86,2025-08-25,Deposit,BANK-78643,FIR-2023-KA-1593
TXN-9CA00D09,ACC-2024-KA-1391,85504.25,2025-08-25,Withdrawal,BANK-44715,FIR-2023-KA-1593
TXN-25450E79,ACC-2024-KA-1192,79425.49,2024-04-07,Transfer,BANK-10188,FIR-2025-KA-1596
TXN-D7F3CB03,ACC-2024-KA-0343,76211.75,2024-06-04,Transfer,BANK-86991,FIR-2023-KA-1597
TXN-8A20BEBE,ACC-2024-KA-0494,7780.13,2024-06-14,Transfer,BANK-33014,FIR-2026-KA-1600
TXN-92C2E919,ACC-2024-KA-1862,21645.65,2024-06-14,Transfer,BANK-70328,FIR-2026-KA-1600
TXN-7CD425A0,ACC-2024-KA-0353,81171.95,2025-08-08,Deposit,BANK-78426,FIR-2026-KA-1616
TXN-BF3B1B7C,ACC-2024-KA-0914,12985.1,2025-08-08,Deposit,BANK-33142,FIR-2026-KA-1616
TXN-B9D25CE8,ACC-2024-KA-0519,80032.01,2024-04-19,Deposit,BANK-76951,FIR-2026-KA-1617
TXN-1CC3BCB3,ACC-2024-KA-1603,68691.11,2024-11-15,Transfer,BANK-50829,FIR-2024-KA-1636
TXN-E8821D44,ACC-2024-KA-0204,57984.94,2026-04-30,Transfer,BANK-16019,FIR-2024-KA-1648
TXN-2BFF9A12,ACC-2024-KA-1284,52845.09,2025-09-12,Withdrawal,BANK-81594,FIR-2023-KA-1652
TXN-9847B660,ACC-2024-KA-1619,74108.23,2024-09-05,Deposit,BANK-70815,FIR-2023-KA-1664
TXN-97873FDA,ACC-2024-KA-0844,40274.44,2025-05-31,Transfer,BANK-10743,FIR-2025-KA-1680
TXN-2B4DE1AC,ACC-2024-KA-0920,92909.73,2024-09-11,Deposit,BANK-54205,FIR-2026-KA-1684
TXN-D8793F32,ACC-2024-KA-1950,51963.95,2025-05-19,Transfer,BANK-90634,FIR-2023-KA-1686
TXN-E9B7D6E5,ACC-2024-KA-0837,22142.93,2025-03-01,Transfer,BANK-86861,FIR-2025-KA-1688
TXN-935CEDE8,ACC-2024-KA-1526,58110.65,2024-08-08,Transfer,BANK-27196,FIR-2025-KA-1689
TXN-55979660,ACC-2024-KA-0179,70212.47,2025-07-10,Transfer,BANK-51433,FIR-2024-KA-1704
TXN-BDBFC669,ACC-2024-KA-0913,93488.77,2025-06-16,Transfer,BANK-52405,FIR-2024-KA-1705
TXN-9075011F,ACC-2024-KA-0903,41965.15,2025-06-16,Withdrawal,BANK-30089,FIR-2024-KA-1705
TXN-3A9AF617,ACC-2024-KA-0477,80644.68,2025-09-26,Withdrawal,BANK-73802,FIR-2025-KA-1708
TXN-7D6A8705,ACC-2024-KA-0365,93853.04,2024-08-01,Transfer,BANK-60671,FIR-2023-KA-1718
TXN-1E28418B,ACC-2024-KA-1152,39597.18,2024-03-21,Withdrawal,BANK-11148,FIR-2024-KA-1729
TXN-345BE709,ACC-2024-KA-1872,99349.27,2025-01-06,Withdrawal,BANK-61922,FIR-2026-KA-1730
TXN-85FC35A3,ACC-2024-KA-0163,72376.84,2024-06-15,Deposit,BANK-96151,FIR-2024-KA-1761
TXN-2EA126F1,ACC-2024-KA-1403,78116.45,2024-06-15,Withdrawal,BANK-46452,FIR-2024-KA-1761
TXN-30DA688D,ACC-2024-KA-0180,27760.66,2024-05-30,Transfer,BANK-82280,FIR-2024-KA-1772
TXN-CE26F644,ACC-2024-KA-0482,87087.07,2024-05-30,Deposit,BANK-94651,FIR-2024-KA-1772
TXN-8582F36D,ACC-2024-KA-0562,72771.17,2024-05-03,Withdrawal,BANK-63242,FIR-2024-KA-1773
TXN-698BF227,ACC-2024-KA-1413,99059.29,2024-05-22,Withdrawal,BANK-22588,FIR-2026-KA-1786
TXN-C3F2CD47,ACC-2024-KA-1241,31399.31,2025-11-08,Transfer,BANK-78977,FIR-2024-KA-1789
TXN-FA407EC7,ACC-2024-KA-0736,94618.18,2025-07-15,Deposit,BANK-80522,FIR-2024-KA-1790
TXN-268BB434,ACC-2024-KA-0133,17016.02,2024-09-07,Transfer,BANK-95965,FIR-2025-KA-1793
TXN-8371DC9D,ACC-2024-KA-0815,28931.9,2024-12-10,Withdrawal,BANK-49134,FIR-2026-KA-1796
TXN-0730D0D4,ACC-2024-KA-1274,84554.5,2024-02-15,Withdrawal,BANK-19128,FIR-2026-KA-1821
TXN-6BAABE80,ACC-2024-KA-1382,10216.65,2025-08-28,Deposit,BANK-93404,FIR-2025-KA-1824
TXN-49FA1F91,ACC-2024-KA-0921,32083.69,2025-01-09,Transfer,BANK-59335,FIR-2026-KA-1825
TXN-8096214E,ACC-2024-KA-1911,39655.44,2024-08-24,Deposit,BANK-95233,FIR-2026-KA-1826
TXN-445DB4B5,ACC-2024-KA-1382,45573.69,2025-11-18,Transfer,BANK-57413,FIR-2026-KA-1830
TXN-6F5DBED9,ACC-2024-KA-0277,29615.07,2024-02-06,Transfer,BANK-66275,FIR-2025-KA-1832
TXN-9720BA33,ACC-2024-KA-1235,43169.18,2026-03-09,Deposit,BANK-33515,FIR-2023-KA-1849
TXN-DE3B3F5B,ACC-2024-KA-0214,16844.91,2024-12-07,Transfer,BANK-45114,FIR-2023-KA-1861
TXN-C0396EB1,ACC-2024-KA-0878,79500.01,2024-03-27,Deposit,BANK-23660,FIR-2024-KA-1897
TXN-AEF9F129,ACC-2024-KA-0721,88986.11,2026-03-01,Transfer,BANK-46178,FIR-2025-KA-1906
TXN-BF386E78,ACC-2024-KA-0933,54728.71,2024-04-05,Withdrawal,BANK-99910,FIR-2024-KA-1908
TXN-548C52FE,ACC-2024-KA-0268,23782.14,2025-05-25,Deposit,BANK-74109,FIR-2024-KA-1915
TXN-0C436328,ACC-2024-KA-1191,7742.22,2024-05-20,Transfer,BANK-86304,FIR-2025-KA-1920
TXN-226EE633,ACC-2024-KA-1610,93641.13,2024-09-05,Withdrawal,BANK-19323,FIR-2026-KA-1927
TXN-39EF7F50,ACC-2024-KA-0012,76446.94,2025-10-05,Transfer,BANK-10108,FIR-2025-KA-1930
TXN-9D0FDF0B,ACC-2024-KA-0036,39601.25,2024-12-17,Transfer,BANK-15044,FIR-2025-KA-1934
TXN-4C606C73,ACC-2024-KA-0929,14645.14,2026-03-31,Deposit,BANK-17000,FIR-2026-KA-1936
TXN-950374EE,ACC-2024-KA-1112,76784.59,2024-11-11,Transfer,BANK-52180,FIR-2026-KA-1948
TXN-071AE85B,ACC-2024-KA-1808,77165.56,2024-11-11,Transfer,BANK-53246,FIR-2026-KA-1948
TXN-B3B9CC20,ACC-2024-KA-1458,79218.67,2023-12-29,Transfer,BANK-23342,FIR-2024-KA-1950
TXN-4CA7A518,ACC-2024-KA-0182,45647.0,2025-08-08,Withdrawal,BANK-20858,FIR-2024-KA-1958
TXN-04C439C3,ACC-2024-KA-1619,91046.41,2024-04-19,Transfer,BANK-86638,FIR-2024-KA-1966
TXN-2D1D2060,ACC-2024-KA-0907,54767.35,2024-11-15,Withdrawal,BANK-69617,FIR-2023-KA-1973
TXN-06094D09,ACC-2024-KA-0378,39147.3,2025-10-21,Withdrawal,BANK-34869,FIR-2025-KA-1998
TXN-06AB1C53,ACC-2024-KA-0017,39537.51,2024-09-08,Deposit,BANK-31626,FIR-2023-KA-2023
TXN-A00D2D9C,ACC-2024-KA-0185,58468.7,2024-09-08,Deposit,BANK-87839,FIR-2023-KA-2023
TXN-524D3665,ACC-2024-KA-0972,94730.48,2024-03-09,Withdrawal,BANK-56483,FIR-2025-KA-2030
TXN-AE3F3AC1,ACC-2024-KA-0906,49619.9,2026-01-08,Transfer,BANK-61999,FIR-2023-KA-2043
TXN-4E347335,ACC-2024-KA-0315,57946.68,2024-02-24,Transfer,BANK-70155,FIR-2024-KA-2049
TXN-50AE0665,ACC-2024-KA-0232,70734.68,2024-06-06,Deposit,BANK-39287,FIR-2026-KA-2060
TXN-305010E0,ACC-2024-KA-1783,16467.15,2023-12-20,Withdrawal,BANK-52091,FIR-2025-KA-2063
TXN-D50C6B7B,ACC-2024-KA-0236,31196.52,2025-07-25,Withdrawal,BANK-67913,FIR-2026-KA-2077
TXN-7383D6A1,ACC-2024-KA-0838,91489.36,2024-02-03,Transfer,BANK-25452,FIR-2025-KA-2081
TXN-64ACAAB3,ACC-2024-KA-1532,9541.16,2023-09-29,Transfer,BANK-91763,FIR-2023-KA-2096
TXN-A1F6209E,ACC-2024-KA-1657,55561.36,2023-09-29,Withdrawal,BANK-12976,FIR-2023-KA-2096
TXN-63D65CC3,ACC-2024-KA-0783,29763.22,2025-12-24,Deposit,BANK-60387,FIR-2026-KA-2099
TXN-7FB87BB9,ACC-2024-KA-0812,60421.33,2025-08-18,Withdrawal,BANK-76315,FIR-2024-KA-2115
TXN-D810B339,ACC-2024-KA-0336,44444.59,2025-06-27,Deposit,BANK-49530,FIR-2023-KA-2116
TXN-911E5B12,ACC-2024-KA-0596,83521.11,2024-08-20,Transfer,BANK-20289,FIR-2026-KA-2138
TXN-457061E8,ACC-2024-KA-0199,86614.67,2025-10-06,Withdrawal,BANK-71506,FIR-2026-KA-2152
TXN-BBED12B5,ACC-2024-KA-1402,25674.33,2025-02-12,Withdrawal,BANK-82978,FIR-2026-KA-2157
TXN-E869EC81,ACC-2024-KA-1541,66836.14,2023-12-07,Deposit,BANK-62241,FIR-2023-KA-2160
TXN-D804100D,ACC-2024-KA-0413,10587.19,2026-02-25,Deposit,BANK-34972,FIR-2026-KA-2168
TXN-2D508B64,ACC-2024-KA-0022,21169.75,2025-03-21,Deposit,BANK-53393,FIR-2026-KA-2169
TXN-927FD5B2,ACC-2024-KA-0694,21070.41,2025-03-01,Transfer,BANK-53707,FIR-2023-KA-2170
TXN-DDAA96C4,ACC-2024-KA-1880,59188.89,2025-03-01,Transfer,BANK-24319,FIR-2023-KA-2170
TXN-9DF18C0E,ACC-2024-KA-0075,25881.52,2026-05-24,Deposit,BANK-69256,FIR-2023-KA-2171
TXN-C913203A,ACC-2024-KA-1067,64071.81,2024-12-13,Withdrawal,BANK-76737,FIR-2024-KA-2172
TXN-4CF54DBE,ACC-2024-KA-0835,83954.78,2025-08-16,Withdrawal,BANK-82145,FIR-2026-KA-2173
TXN-ADD7284B,ACC-2024-KA-0846,54384.24,2025-06-05,Transfer,BANK-53295,FIR-2025-KA-2184
TXN-82F897D2,ACC-2024-KA-1072,88417.8,2024-08-14,Transfer,BANK-56068,FIR-2026-KA-2191
TXN-8ADF630D,ACC-2024-KA-1771,55642.9,2024-08-14,Transfer,BANK-38343,FIR-2026-KA-2191
TXN-E1AE5FF6,ACC-2024-KA-1151,76261.17,2024-01-20,Transfer,BANK-73637,FIR-2025-KA-2212
TXN-7FCA0479,ACC-2024-KA-0856,28596.62,2024-08-27,Withdrawal,BANK-29768,FIR-2026-KA-2216
TXN-A4EC3CD9,ACC-2024-KA-0244,50103.87,2025-06-28,Withdrawal,BANK-34228,FIR-2026-KA-2218
TXN-7D8D7437,ACC-2024-KA-0349,86198.07,2025-06-28,Withdrawal,BANK-61604,FIR-2026-KA-2218
TXN-EF07C715,ACC-2024-KA-1015,31657.23,2024-04-19,Deposit,BANK-58399,FIR-2024-KA-2245
TXN-AB5B9EF5,ACC-2024-KA-1571,66395.23,2024-10-21,Deposit,BANK-20951,FIR-2025-KA-2257
TXN-CBB7B6E5,ACC-2024-KA-1480,69994.62,2024-07-04,Transfer,BANK-31136,FIR-2026-KA-2265
TXN-242F4B66,ACC-2024-KA-0983,34900.64,2025-10-14,Deposit,BANK-90747,FIR-2026-KA-2296
TXN-42D1B147,ACC-2024-KA-1867,91857.88,2025-07-30,Withdrawal,BANK-98176,FIR-2025-KA-2301
TXN-CCBADE69,ACC-2024-KA-1854,58746.16,2023-10-06,Transfer,BANK-61570,FIR-2023-KA-2305
TXN-1B35663D,ACC-2024-KA-1411,57252.82,2023-10-06,Deposit,BANK-28800,FIR-2023-KA-2305
TXN-B8E4EFC5,ACC-2024-KA-1295,64748.96,2025-01-23,Deposit,BANK-98054,FIR-2023-KA-2316
TXN-E521AB66,ACC-2024-KA-0390,16339.98,2026-03-21,Withdrawal,BANK-31927,FIR-2023-KA-2337
TXN-1B09D299,ACC-2024-KA-1172,47630.15,2025-02-14,Transfer,BANK-62475,FIR-2024-KA-2357
TXN-5A63101D,ACC-2024-KA-0974,94687.04,2025-07-27,Withdrawal,BANK-82657,FIR-2023-KA-2362
TXN-EB7576BF,ACC-2024-KA-1676,98607.55,2026-06-02,Withdrawal,BANK-49836,FIR-2024-KA-2366
TXN-14036A08,ACC-2024-KA-0639,12017.82,2025-07-14,Withdrawal,BANK-31722,FIR-2024-KA-2382
TXN-E2D917FF,ACC-2024-KA-1798,29596.53,2025-04-29,Transfer,BANK-44791,FIR-2024-KA-2385
TXN-C0B6CA2D,ACC-2024-KA-1378,33067.41,2025-04-29,Transfer,BANK-47201,FIR-2024-KA-2385
TXN-48AFAF2F,ACC-2024-KA-0483,91632.79,2023-09-29,Deposit,BANK-67314,FIR-2025-KA-2391
TXN-BFBC57AB,ACC-2024-KA-1692,5437.5,2024-12-24,Deposit,BANK-14155,FIR-2025-KA-2409
TXN-FAF78B36,ACC-2024-KA-1854,83819.71,2025-01-06,Withdrawal,BANK-30377,FIR-2026-KA-2413
TXN-57E571F5,ACC-2024-KA-0175,71550.74,2025-09-20,Transfer,BANK-39266,FIR-2023-KA-2420
TXN-1ABFDB04,ACC-2024-KA-0263,52061.46,2026-03-14,Deposit,BANK-94322,FIR-2024-KA-2421
TXN-F56E3985,ACC-2024-KA-1091,8738.92,2025-09-17,Deposit,BANK-10373,FIR-2024-KA-2424
TXN-9D080F17,ACC-2024-KA-1189,43352.9,2024-02-25,Deposit,BANK-71862,FIR-2026-KA-2432
TXN-DD6FE32A,ACC-2024-KA-1765,32553.69,2024-02-25,Withdrawal,BANK-51272,FIR-2026-KA-2432
TXN-B1A81CD0,ACC-2024-KA-0455,10984.52,2023-10-10,Transfer,BANK-23299,FIR-2024-KA-2433
TXN-271F9256,ACC-2024-KA-1171,18332.85,2024-02-16,Withdrawal,BANK-37912,FIR-2023-KA-2440
TXN-3F4C21A4,ACC-2024-KA-0540,13728.54,2026-03-07,Deposit,BANK-84201,FIR-2026-KA-2442
TXN-2F312A69,ACC-2024-KA-1235,26244.48,2024-08-31,Withdrawal,BANK-32702,FIR-2026-KA-2449
TXN-F2DF4196,ACC-2024-KA-1864,29857.77,2025-03-03,Withdrawal,BANK-11464,FIR-2023-KA-2454
TXN-EA13C0F6,ACC-2024-KA-1658,33478.69,2025-03-03,Deposit,BANK-64650,FIR-2023-KA-2454
TXN-2850FFF3,ACC-2024-KA-0499,98434.99,2025-07-24,Transfer,BANK-10637,FIR-2023-KA-2455
TXN-24D9434D,ACC-2024-KA-1002,51920.92,2025-07-24,Deposit,BANK-49493,FIR-2023-KA-2455
TXN-7DE9A00D,ACC-2024-KA-0378,86116.38,2025-07-08,Withdrawal,BANK-31473,FIR-2023-KA-2458
TXN-1F32D691,ACC-2024-KA-1510,75500.57,2026-01-29,Withdrawal,BANK-69010,FIR-2024-KA-2479
TXN-188DB460,ACC-2024-KA-0456,70412.93,2025-10-12,Deposit,BANK-68198,FIR-2026-KA-2481
TXN-36095C07,ACC-2024-KA-1808,72433.06,2024-11-21,Deposit,BANK-94342,FIR-2024-KA-2485
TXN-ECA172C1,ACC-2024-KA-1915,96844.38,2024-01-16,Transfer,BANK-26480,FIR-2026-KA-2486
TXN-3239D85D,ACC-2024-KA-1501,53849.73,2026-04-27,Withdrawal,BANK-36963,FIR-2026-KA-2493
TXN-25EECA60,ACC-2024-KA-1523,97156.72,2025-04-19,Transfer,BANK-12078,FIR-2024-KA-2512
TXN-60A0A032,ACC-2024-KA-1256,45631.56,2024-03-28,Deposit,BANK-95333,FIR-2025-KA-2516
TXN-1F64EDC5,ACC-2024-KA-0017,79510.05,2026-05-01,Deposit,BANK-25305,FIR-2025-KA-2518
TXN-B1EE587E,ACC-2024-KA-1108,69441.05,2025-02-17,Transfer,BANK-28654,FIR-2023-KA-2531
TXN-08A19AE0,ACC-2024-KA-0687,86115.02,2024-02-10,Deposit,BANK-88853,FIR-2023-KA-2553
TXN-B99D5B0E,ACC-2024-KA-0893,62822.68,2026-01-24,Withdrawal,BANK-58949,FIR-2025-KA-2554
TXN-5343DDF5,ACC-2024-KA-1551,26561.78,2025-09-17,Deposit,BANK-97094,FIR-2023-KA-2558
TXN-8BF94A83,ACC-2024-KA-0373,61922.56,2026-02-07,Deposit,BANK-62000,FIR-2023-KA-2586
TXN-A9BA7BDB,ACC-2024-KA-1675,75299.34,2026-06-12,Deposit,BANK-81463,FIR-2024-KA-2587
TXN-227686EE,ACC-2024-KA-0821,5607.24,2026-03-09,Withdrawal,BANK-60864,FIR-2026-KA-2600
TXN-A53280C4,ACC-2024-KA-0458,13994.75,2026-06-10,Deposit,BANK-19583,FIR-2024-KA-2620
TXN-A4101EDA,ACC-2024-KA-1311,51684.73,2026-02-20,Deposit,BANK-17324,FIR-2025-KA-2624
TXN-EF8AFE39,ACC-2024-KA-0573,80095.86,2024-02-26,Withdrawal,BANK-33377,FIR-2024-KA-2626
TXN-37AF2C6C,ACC-2024-KA-1261,26664.11,2025-03-06,Deposit,BANK-60032,FIR-2023-KA-2635
TXN-629B7F20,ACC-2024-KA-1417,47464.81,2026-02-01,Transfer,BANK-66447,FIR-2026-KA-2636
TXN-65A283CB,ACC-2024-KA-0537,53303.2,2025-11-22,Deposit,BANK-45234,FIR-2024-KA-2638
TXN-F7914D0A,ACC-2024-KA-1887,6306.91,2025-08-12,Transfer,BANK-20239,FIR-2024-KA-2642
TXN-457B2A19,ACC-2024-KA-0527,5320.43,2025-07-04,Deposit,BANK-18358,FIR-2023-KA-2643
TXN-6E62C775,ACC-2024-KA-1210,13033.08,2025-07-04,Withdrawal,BANK-71169,FIR-2023-KA-2643
TXN-2A6D4A9B,ACC-2024-KA-0440,57736.49,2024-10-06,Transfer,BANK-78544,FIR-2023-KA-2651
TXN-7C291209,ACC-2024-KA-1235,59841.48,2024-07-25,Deposit,BANK-81499,FIR-2023-KA-2656
TXN-3ACD4A9D,ACC-2024-KA-1751,95111.92,2025-05-30,Transfer,BANK-63066,FIR-2024-KA-2665
TXN-8397462D,ACC-2024-KA-1941,42927.47,2025-11-22,Withdrawal,BANK-40438,FIR-2025-KA-2672
TXN-C8C3A46B,ACC-2024-KA-1782,49359.82,2023-10-12,Withdrawal,BANK-26012,FIR-2024-KA-2695
TXN-2882A79D,ACC-2024-KA-1970,53881.57,2024-08-01,Deposit,BANK-68386,FIR-2026-KA-2701
TXN-CBDAB3CA,ACC-2024-KA-0967,26649.09,2024-03-28,Transfer,BANK-20785,FIR-2026-KA-2704
TXN-801762F9,ACC-2024-KA-1930,33030.95,2025-01-27,Deposit,BANK-97269,FIR-2025-KA-2707
TXN-EA82AAD9,ACC-2024-KA-0894,59371.35,2025-11-04,Deposit,BANK-37218,FIR-2024-KA-2710
TXN-62450CB6,ACC-2024-KA-0491,95039.61,2025-06-14,Withdrawal,BANK-60214,FIR-2023-KA-2714
TXN-C9A3B72F,ACC-2024-KA-1353,90678.05,2025-05-21,Transfer,BANK-96734,FIR-2026-KA-2732
TXN-8FD48291,ACC-2024-KA-1215,23082.11,2025-09-16,Withdrawal,BANK-62863,FIR-2023-KA-2740
TXN-CD628F95,ACC-2024-KA-0629,90498.69,2026-01-01,Withdrawal,BANK-62346,FIR-2024-KA-2742
TXN-A4B4099E,ACC-2024-KA-1760,75293.24,2025-12-24,Withdrawal,BANK-46795,FIR-2026-KA-2756
TXN-145112F8,ACC-2024-KA-0546,45565.07,2024-03-12,Withdrawal,BANK-65260,FIR-2024-KA-2770
TXN-0CDD46D5,ACC-2024-KA-1202,36118.61,2024-09-17,Transfer,BANK-33391,FIR-2023-KA-2771
TXN-076FEA48,ACC-2024-KA-0086,62724.31,2024-09-17,Deposit,BANK-16303,FIR-2023-KA-2771
TXN-DA09CADF,ACC-2024-KA-1087,80962.66,2024-03-25,Transfer,BANK-52184,FIR-2025-KA-2781
TXN-BF43C151,ACC-2024-KA-0943,20620.24,2024-03-25,Transfer,BANK-11135,FIR-2025-KA-2781
TXN-265FAAEA,ACC-2024-KA-0367,95900.35,2025-03-23,Withdrawal,BANK-91238,FIR-2026-KA-2788
TXN-D233AFB6,ACC-2024-KA-0555,43952.79,2025-02-03,Withdrawal,BANK-24855,FIR-2024-KA-2794
TXN-FF1D47D3,ACC-2024-KA-0562,5390.63,2025-08-26,Deposit,BANK-73248,FIR-2026-KA-2799
TXN-C85AE909,ACC-2024-KA-1856,63900.37,2025-08-26,Transfer,BANK-83278,FIR-2026-KA-2799
TXN-616BC7FF,ACC-2024-KA-0935,56567.31,2025-03-29,Transfer,BANK-26375,FIR-2023-KA-2810
TXN-9DE39503,ACC-2024-KA-0638,73162.63,2024-11-22,Deposit,BANK-67992,FIR-2026-KA-2811
TXN-24A1B700,ACC-2024-KA-0889,25680.87,2024-11-22,Withdrawal,BANK-93407,FIR-2026-KA-2811
TXN-2B06DC85,ACC-2024-KA-1576,20842.38,2024-11-26,Transfer,BANK-98169,FIR-2026-KA-2822
TXN-E9864B95,ACC-2024-KA-0714,18205.15,2025-04-14,Transfer,BANK-92486,FIR-2025-KA-2831
TXN-38BA44E6,ACC-2024-KA-1665,19746.4,2024-07-04,Withdrawal,BANK-87716,FIR-2023-KA-2840
TXN-CEAD029D,ACC-2024-KA-1462,99180.71,2024-07-04,Withdrawal,BANK-87444,FIR-2023-KA-2840
TXN-DAAC325B,ACC-2024-KA-0083,46508.61,2023-10-08,Transfer,BANK-63576,FIR-2024-KA-2842
TXN-B472F95C,ACC-2024-KA-0577,23247.92,2023-10-08,Transfer,BANK-96867,FIR-2024-KA-2842
TXN-D8D5070D,ACC-2024-KA-1108,19879.75,2024-09-10,Withdrawal,BANK-60768,FIR-2026-KA-2869
TXN-7C5B4A51,ACC-2024-KA-0701,55005.44,2024-07-20,Withdrawal,BANK-66535,FIR-2026-KA-2889
TXN-543FE8E5,ACC-2024-KA-0566,8329.81,2024-01-30,Withdrawal,BANK-53751,FIR-2026-KA-2901
TXN-F0A00810,ACC-2024-KA-1768,95386.31,2025-11-17,Withdrawal,BANK-85835,FIR-2026-KA-2955
TXN-815A10E7,ACC-2024-KA-0222,54753.3,2024-01-02,Deposit,BANK-48550,FIR-2025-KA-2956
TXN-ADB61EB7,ACC-2024-KA-1970,15759.36,2026-04-17,Transfer,BANK-61437,FIR-2026-KA-2967
TXN-792DB514,ACC-2024-KA-1547,78606.17,2026-06-04,Deposit,BANK-25753,FIR-2026-KA-2984
TXN-E52B1C35,ACC-2024-KA-0684,42905.66,2026-06-04,Withdrawal,BANK-94786,FIR-2026-KA-2984
TXN-10D51AFF,ACC-2024-KA-0925,70579.73,2024-06-16,Transfer,BANK-69523,FIR-2023-KA-2986
TXN-21336017,ACC-2024-KA-0329,72508.38,2026-01-17,Deposit,BANK-56641,FIR-2023-KA-2987
TXN-05593109,ACC-2024-KA-1068,82483.6,2024-12-04,Transfer,BANK-98551,FIR-2023-KA-2997
TXN-D66A5F8C,ACC-2024-KA-0195,52206.85,2024-06-21,Transfer,BANK-80686,FIR-2024-KA-3005
TXN-8EDB77AE,ACC-2024-KA-0532,85338.63,2025-09-01,Transfer,BANK-83466,FIR-2024-KA-3018
TXN-5FBD599E,ACC-2024-KA-1454,44897.98,2025-09-01,Deposit,BANK-39461,FIR-2024-KA-3018
TXN-9B3058C0,ACC-2024-KA-1413,43429.52,2024-12-31,Transfer,BANK-96912,FIR-2026-KA-3019
TXN-46C2A13D,ACC-2024-KA-0635,39695.19,2024-11-27,Deposit,BANK-48383,FIR-2023-KA-3025
TXN-7DBA3296,ACC-2024-KA-1084,42575.15,2025-06-15,Transfer,BANK-32776,FIR-2025-KA-3044
TXN-ED7C6AA9,ACC-2024-KA-0652,76370.79,2025-07-15,Transfer,BANK-93856,FIR-2024-KA-3059
TXN-666CF2F3,ACC-2024-KA-0135,43040.75,2024-09-30,Withdrawal,BANK-66299,FIR-2024-KA-3061
TXN-FA67101E,ACC-2024-KA-1638,67995.14,2026-04-22,Withdrawal,BANK-28728,FIR-2024-KA-3084
TXN-535FB5D9,ACC-2024-KA-0039,81836.96,2026-05-01,Deposit,BANK-30810,FIR-2023-KA-3086
TXN-F704791F,ACC-2024-KA-0986,23155.15,2023-10-30,Withdrawal,BANK-54967,FIR-2023-KA-3096
TXN-AE953F12,ACC-2024-KA-0015,67524.2,2025-06-25,Deposit,BANK-15839,FIR-2023-KA-3102
TXN-BD180784,ACC-2024-KA-0202,87480.35,2023-10-30,Withdrawal,BANK-94623,FIR-2025-KA-3106
TXN-B80F83A5,ACC-2024-KA-1476,19091.47,2025-06-25,Withdrawal,BANK-14379,FIR-2026-KA-3116
TXN-CE3EB4C5,ACC-2024-KA-1889,34686.1,2025-06-25,Transfer,BANK-13943,FIR-2026-KA-3116
TXN-43F18653,ACC-2024-KA-1015,74959.4,2025-03-27,Deposit,BANK-35412,FIR-2026-KA-3127
TXN-06F280D5,ACC-2024-KA-1249,99419.54,2025-10-14,Deposit,BANK-73579,FIR-2024-KA-3158
TXN-9A683597,ACC-2024-KA-1496,94099.83,2024-11-06,Withdrawal,BANK-29812,FIR-2023-KA-3185
TXN-82A85E20,ACC-2024-KA-1912,37798.15,2026-05-05,Withdrawal,BANK-36749,FIR-2024-KA-3186
TXN-CF04D30F,ACC-2024-KA-0379,83098.82,2026-05-05,Withdrawal,BANK-40351,FIR-2024-KA-3186
TXN-09E42FC4,ACC-2024-KA-1178,32428.66,2024-02-23,Withdrawal,BANK-14291,FIR-2023-KA-3199
TXN-F40BE142,ACC-2024-KA-0391,20885.16,2025-04-15,Deposit,BANK-53972,FIR-2025-KA-3241
TXN-387A0FA2,ACC-2024-KA-1474,10032.91,2025-10-20,Transfer,BANK-40156,FIR-2023-KA-3250
TXN-CC2AF45E,ACC-2024-KA-0858,60990.14,2025-10-15,Withdrawal,BANK-87499,FIR-2025-KA-3253
TXN-CF73E6C3,ACC-2024-KA-0818,84011.09,2023-10-01,Transfer,BANK-77102,FIR-2026-KA-3261
TXN-E7313F2B,ACC-2024-KA-1355,40541.27,2023-10-01,Deposit,BANK-43692,FIR-2026-KA-3261
TXN-56942319,ACC-2024-KA-1560,21710.75,2025-11-07,Deposit,BANK-54887,FIR-2026-KA-3264
TXN-499AB959,ACC-2024-KA-0009,43716.6,2026-01-12,Transfer,BANK-54149,FIR-2023-KA-3298
TXN-A8E84E1F,ACC-2024-KA-0103,86757.01,2024-09-06,Transfer,BANK-68375,FIR-2023-KA-3306
TXN-42AC7B6A,ACC-2024-KA-0541,65421.75,2024-09-06,Withdrawal,BANK-94171,FIR-2023-KA-3306
TXN-586C1A45,ACC-2024-KA-0292,66190.56,2024-10-08,Withdrawal,BANK-85181,FIR-2026-KA-3310
TXN-0785DC25,ACC-2024-KA-1542,63660.91,2024-10-08,Transfer,BANK-52029,FIR-2026-KA-3310
TXN-AC94C72B,ACC-2024-KA-0084,31236.03,2025-11-27,Withdrawal,BANK-68525,FIR-2024-KA-3316
TXN-C450EAD8,ACC-2024-KA-1217,62493.33,2026-01-27,Deposit,BANK-23518,FIR-2025-KA-3331
TXN-B18B6927,ACC-2024-KA-0344,39507.32,2025-07-29,Withdrawal,BANK-60616,FIR-2026-KA-3348
TXN-FBA5E767,ACC-2024-KA-0636,77859.13,2024-03-31,Transfer,BANK-57381,FIR-2025-KA-3351
TXN-81F6F0CA,ACC-2024-KA-1489,80294.25,2025-09-08,Withdrawal,BANK-63230,FIR-2024-KA-3352
TXN-FBDB36A0,ACC-2024-KA-1493,97330.51,2025-11-21,Transfer,BANK-53389,FIR-2024-KA-3356
TXN-29232E56,ACC-2024-KA-1931,94702.34,2024-09-18,Deposit,BANK-96913,FIR-2024-KA-3374
TXN-C31478AD,ACC-2024-KA-0775,38148.49,2025-12-21,Withdrawal,BANK-84451,FIR-2023-KA-3377
TXN-8F13311E,ACC-2024-KA-1725,48770.31,2025-10-12,Withdrawal,BANK-39266,FIR-2025-KA-3385
TXN-EF199654,ACC-2024-KA-0823,15464.77,2023-11-08,Deposit,BANK-96980,FIR-2026-KA-3386
TXN-A1A36141,ACC-2024-KA-1215,9528.02,2023-11-08,Deposit,BANK-24262,FIR-2026-KA-3386
TXN-98DABDBE,ACC-2024-KA-1381,48728.12,2025-07-28,Deposit,BANK-75343,FIR-2024-KA-3416
TXN-6D6640CF,ACC-2024-KA-0945,45161.23,2025-07-28,Deposit,BANK-17453,FIR-2024-KA-3416
TXN-370A0F0C,ACC-2024-KA-0797,6862.59,2025-09-15,Transfer,BANK-61508,FIR-2024-KA-3431
TXN-04F6FC08,ACC-2024-KA-0614,98994.4,2024-12-07,Transfer,BANK-87575,FIR-2025-KA-3447
TXN-1E0906C2,ACC-2024-KA-1557,48284.24,2024-07-02,Deposit,BANK-83923,FIR-2025-KA-3503
TXN-56A626D7,ACC-2024-KA-1886,17372.63,2024-08-11,Withdrawal,BANK-82839,FIR-2023-KA-3504
TXN-A33583A8,ACC-2024-KA-1100,47802.11,2025-09-12,Withdrawal,BANK-28380,FIR-2026-KA-3505
TXN-21E1DB71,ACC-2024-KA-0772,37046.89,2024-11-02,Deposit,BANK-59926,FIR-2024-KA-3509
TXN-CD0CC470,ACC-2024-KA-1221,61100.39,2026-02-26,Deposit,BANK-33015,FIR-2026-KA-3535
TXN-821BA2C6,ACC-2024-KA-1151,12711.28,2024-04-16,Withdrawal,BANK-35133,FIR-2025-KA-3540
TXN-45CC3CCF,ACC-2024-KA-1528,83337.61,2025-04-03,Withdrawal,BANK-59492,FIR-2024-KA-3544
TXN-C376CF0A,ACC-2024-KA-0303,39022.22,2024-02-23,Deposit,BANK-60547,FIR-2024-KA-3546
TXN-A3ADD504,ACC-2024-KA-1834,73112.28,2025-06-05,Deposit,BANK-80282,FIR-2025-KA-3561
TXN-23159F5E,ACC-2024-KA-0555,85991.83,2023-11-25,Withdrawal,BANK-76875,FIR-2024-KA-3586
TXN-0C07CA08,ACC-2024-KA-1227,25621.13,2023-11-25,Deposit,BANK-57967,FIR-2024-KA-3586
TXN-06F73E6D,ACC-2024-KA-1156,15586.35,2024-07-14,Transfer,BANK-25182,FIR-2024-KA-3593
TXN-C54DD5BB,ACC-2024-KA-1581,46027.8,2024-06-14,Withdrawal,BANK-45490,FIR-2026-KA-3598
TXN-B87F4C89,ACC-2024-KA-1584,72650.02,2024-06-14,Withdrawal,BANK-91610,FIR-2026-KA-3598
TXN-B16071E6,ACC-2024-KA-1679,63330.69,2026-05-04,Deposit,BANK-11395,FIR-2024-KA-3600
TXN-6F4FC9E1,ACC-2024-KA-1002,59134.21,2026-04-02,Transfer,BANK-70120,FIR-2024-KA-3607
TXN-6087C0D7,ACC-2024-KA-0242,73729.27,2025-04-17,Deposit,BANK-51702,FIR-2025-KA-3610
TXN-5103E77B,ACC-2024-KA-0520,62886.79,2026-06-07,Deposit,BANK-27901,FIR-2026-KA-3630
TXN-9C7D1296,ACC-2024-KA-1009,16744.03,2024-10-02,Transfer,BANK-37412,FIR-2024-KA-3646
TXN-4569F36F,ACC-2024-KA-1045,15990.22,2026-06-08,Transfer,BANK-94334,FIR-2024-KA-3648
TXN-468DBE3B,ACC-2024-KA-1285,81052.89,2026-06-08,Transfer,BANK-78199,FIR-2024-KA-3648
TXN-540AB47B,ACC-2024-KA-0826,98130.28,2025-06-14,Withdrawal,BANK-49711,FIR-2024-KA-3669
TXN-E7F92787,ACC-2024-KA-1738,65608.22,2024-09-21,Transfer,BANK-81288,FIR-2026-KA-3677
TXN-F32D0CAA,ACC-2024-KA-0203,14816.44,2024-11-01,Deposit,BANK-22249,FIR-2026-KA-3695
TXN-8AC9DD27,ACC-2024-KA-1946,26840.57,2023-12-13,Transfer,BANK-88410,FIR-2026-KA-3714
TXN-6D200BDE,ACC-2024-KA-0635,7555.25,2023-12-13,Transfer,BANK-96086,FIR-2026-KA-3714
TXN-277CA698,ACC-2024-KA-0200,21098.81,2026-04-24,Transfer,BANK-67979,FIR-2023-KA-3718
TXN-DC714D0E,ACC-2024-KA-0993,81394.04,2026-04-24,Deposit,BANK-38432,FIR-2023-KA-3718
TXN-2D10BE9D,ACC-2024-KA-0303,66515.34,2025-01-12,Transfer,BANK-58904,FIR-2025-KA-3720
TXN-0595BEF7,ACC-2024-KA-1428,87244.7,2026-04-01,Transfer,BANK-28108,FIR-2024-KA-3734
TXN-072548BB,ACC-2024-KA-1518,81707.05,2026-04-01,Deposit,BANK-62660,FIR-2024-KA-3734
TXN-E123531E,ACC-2024-KA-0330,62457.83,2024-12-13,Transfer,BANK-37618,FIR-2025-KA-3740
TXN-E3ACC117,ACC-2024-KA-0081,50169.65,2024-12-21,Transfer,BANK-28086,FIR-2023-KA-3745
TXN-8DAC8232,ACC-2024-KA-0285,32541.7,2025-07-20,Withdrawal,BANK-69461,FIR-2023-KA-3756
TXN-000A4782,ACC-2024-KA-1622,16922.55,2024-05-23,Transfer,BANK-13483,FIR-2023-KA-3761
TXN-5DF5F5E8,ACC-2024-KA-1696,94740.11,2026-02-25,Withdrawal,BANK-76336,FIR-2024-KA-3773
TXN-0202C275,ACC-2024-KA-0056,26098.07,2026-02-25,Withdrawal,BANK-51317,FIR-2024-KA-3773
TXN-832C477B,ACC-2024-KA-1976,22819.61,2024-07-30,Transfer,BANK-40982,FIR-2026-KA-3777
TXN-E266FC39,ACC-2024-KA-0666,73623.74,2024-07-30,Transfer,BANK-97700,FIR-2026-KA-3777
TXN-AD546238,ACC-2024-KA-1126,89818.25,2025-10-04,Withdrawal,BANK-89922,FIR-2025-KA-3782
TXN-66D2D41A,ACC-2024-KA-0236,99203.07,2025-03-01,Deposit,BANK-98185,FIR-2023-KA-3811
TXN-6B317C5A,ACC-2024-KA-1316,59840.25,2025-07-19,Withdrawal,BANK-53079,FIR-2025-KA-3813
TXN-C53A7ACA,ACC-2024-KA-0138,94579.45,2025-07-19,Withdrawal,BANK-65416,FIR-2025-KA-3813
TXN-A0B1E5F7,ACC-2024-KA-1356,61452.28,2023-11-20,Withdrawal,BANK-73355,FIR-2023-KA-3816
TXN-A6679D37,ACC-2024-KA-1097,39059.79,2026-03-23,Transfer,BANK-94154,FIR-2026-KA-3824
TXN-A95F40AE,ACC-2024-KA-1025,73071.98,2024-02-21,Withdrawal,BANK-81274,FIR-2024-KA-3834
TXN-9BF995D4,ACC-2024-KA-0698,25038.72,2025-07-05,Deposit,BANK-15023,FIR-2024-KA-3835
TXN-B87C01AC,ACC-2024-KA-1608,88205.77,2024-06-26,Deposit,BANK-42886,FIR-2024-KA-3843
TXN-F1D9785E,ACC-2024-KA-1670,19841.26,2025-10-08,Transfer,BANK-96759,FIR-2025-KA-3857
TXN-27B198B9,ACC-2024-KA-0767,51013.57,2023-12-16,Deposit,BANK-71732,FIR-2024-KA-3859
TXN-D474EB34,ACC-2024-KA-1753,31990.89,2026-01-03,Withdrawal,BANK-61703,FIR-2023-KA-3883
TXN-880638FD,ACC-2024-KA-0306,99860.28,2025-02-07,Withdrawal,BANK-93266,FIR-2026-KA-3939
TXN-E895001D,ACC-2024-KA-0665,52939.98,2023-12-18,Transfer,BANK-50044,FIR-2026-KA-3941
TXN-158F22D4,ACC-2024-KA-1283,26640.81,2026-04-12,Deposit,BANK-55425,FIR-2024-KA-3943
TXN-31DE30BE,ACC-2024-KA-0272,93545.22,2024-11-16,Withdrawal,BANK-57526,FIR-2023-KA-3944
TXN-C46765A5,ACC-2024-KA-1688,80312.63,2025-10-13,Transfer,BANK-53791,FIR-2026-KA-3946
TXN-1C9EE9D2,ACC-2024-KA-1539,72314.1,2024-05-14,Transfer,BANK-74420,FIR-2026-KA-3953
TXN-E5B668FF,ACC-2024-KA-1317,15144.05,2024-10-28,Transfer,BANK-68789,FIR-2023-KA-3960
TXN-5A649358,ACC-2024-KA-1548,29583.2,2025-09-13,Deposit,BANK-77116,FIR-2026-KA-3963
TXN-D3B048A5,ACC-2024-KA-1289,34159.65,2026-03-23,Transfer,BANK-61579,FIR-2023-KA-3964
TXN-B548EC07,ACC-2024-KA-1540,99445.14,2023-09-26,Withdrawal,BANK-28766,FIR-2026-KA-3979
TXN-CEB589CA,ACC-2024-KA-1838,94368.25,2025-04-04,Withdrawal,BANK-45189,FIR-2025-KA-3982
TXN-3A22C0E8,ACC-2024-KA-0367,54578.7,2025-04-04,Withdrawal,BANK-27571,FIR-2025-KA-3982
TXN-60AC7FCD,ACC-2024-KA-0414,73125.1,2024-05-25,Deposit,BANK-83606,FIR-2026-KA-3986
TXN-564E40DE,ACC-2024-KA-0186,82975.28,2026-05-11,Deposit,BANK-59099,FIR-2026-KA-3989
TXN-SHADOW-001,ACC-SHADOW-001,45000.0,2026-05-27,Transfer,SHADOW-BANK-ACCT-777,FIR-SHADOW-001
TXN-SHADOW-002,ACC-SHADOW-002,45000.0,2026-05-28,Withdrawal,SHADOW-BANK-ACCT-777,FIR-SHADOW-001
TXN-FRAUD-001,ACC-FRAUD-999,150000.0,2026-05-27,Deposit,FRAUD-TRAIL-ACCT-888,FIR-FRAUD-001
TXN-FRAUD-002,ACC-FRAUD-999,300000.0,2026-05-07,Deposit,FRAUD-TRAIL-ACCT-888,FIR-FRAUD-002
TXN-FRAUD-003,ACC-FRAUD-999,450000.0,2026-04-17,Deposit,FRAUD-TRAIL-ACCT-888,FIR-FRAUD-003
